{"epoch": 5, "training_loss": 0.06926690466638843, "_timestamp": 1709999718.373184, "_runtime": 87.19391798973083, "_step": 5, "accuracy": 98.07, "_wandb": {"runtime": 84}}