{"epoch": 5, "accuracy": 90.59, "_timestamp": 1710004412.140376, "_runtime": 13.719696044921875, "_step": 4, "_wandb": {"runtime": 11}}