{"epoch": 5, "accuracy": 98.08, "_timestamp": 1710004489.1950002, "_runtime": 36.990143060684204, "_step": 4, "_wandb": {"runtime": 34}}