{"epoch": 5, "accuracy": 75.83, "_timestamp": 1710004392.00757, "_runtime": 11.436990022659302, "_step": 4, "_wandb": {"runtime": 9}}