{"epoch": 5, "accuracy": 96.58, "_timestamp": 1710004443.329612, "_runtime": 22.537641048431396, "_step": 4, "_wandb": {"runtime": 17}}