{"epoch": 5, "training_loss": 0.04505473969385345, "_timestamp": 1709999518.214068, "_runtime": 87.97132992744446, "_step": 5, "accuracy": 98.49, "_wandb": {"runtime": 86}}