{"epoch": 5, "training_loss": 0.16491935212316036, "_timestamp": 1709999324.2392478, "_runtime": 91.20983791351318, "_step": 5, "accuracy": 95.73, "_wandb": {"runtime": 88}}