{"epoch": 5, "training_loss": 0.10340074930729261, "_timestamp": 1709999123.397202, "_runtime": 96.04714894294739, "_step": 5, "accuracy": 97.2, "_wandb": {"runtime": 93}}