{"epoch": 5, "training_loss": 0.030324493229862297, "_timestamp": 1709999226.345868, "_runtime": 96.16873216629028, "_step": 5, "accuracy": 98.84, "_wandb": {"runtime": 93}}