{"epoch": 5, "training_loss": 0.03683560666262554, "_timestamp": 1709999822.7094421, "_runtime": 96.95922613143921, "_step": 5, "accuracy": 98.86, "_wandb": {"runtime": 94}}