{"epoch": 5, "accuracy": 98.92, "_timestamp": 1710004591.782183, "_runtime": 95.11796498298645, "_step": 4, "_wandb": {"runtime": 92}}