{"epoch": 5, "training_loss": 0.1318680602890342, "_timestamp": 1709999924.1338618, "_runtime": 93.02712178230286, "_step": 5, "accuracy": 96.72, "_wandb": {"runtime": 90}}