{"epoch": 5, "training_loss": 0.22955845784086154, "_timestamp": 1710000023.0806348, "_runtime": 91.38850784301758, "_step": 5, "accuracy": 94.62, "_wandb": {"runtime": 88}}