{"epoch": 5, "training_loss": 0.06257926874813881, "_timestamp": 1709999621.123811, "_runtime": 89.2537751197815, "_step": 5, "accuracy": 90.8, "_wandb": {"runtime": 86}}