{"epoch": 5, "training_loss": 0.18976320688531342, "_timestamp": 1709999422.57309, "_runtime": 90.67103004455566, "_step": 5, "accuracy": 95.38, "_wandb": {"runtime": 88}}