{"epoch": 5, "training_loss": 0.030829825430258643, "_timestamp": 1709999019.971852, "_runtime": 104.06955313682556, "_step": 5, "accuracy": 98.91, "_wandb": {"runtime": 102}}